,shares_outstanding
ABBV,1768762377.0
AAPL,14697926000.0
A,282839638.0
AAP,60329208.0
AAL,660304573.0
ABNB,599513958.0
ABX,97752855.0
ABT,1737682887.0
ACGL,356272841.0
ADBE,407636919.0
ACN,615435159.0
ADCT,127044356.0
ADM,481895100.0
ADI,488204157.0
ADP,404448744.0
ACV,10376587.0
ADSK,212000000.0
AEE,276653219.0
AEP,543563480.0
AFL,524113918.0
ADT,820121837.0
AES,713071623.0
AIG,536559663.0
AIT,37717910.0
AIV,144075540.0
AIZ,49786997.0
AL,112035408.0
AJG,257100000.0
AKAM,147223048.0
ALB,117886887.0
ALGN,71617275.0
ALLE,86145484.0
ALK,114641450.0
ALL,259535842.0
AM,476275000.0
AMAT,793609867.0
AMCR,462045690.0
AMD,1630410844.0
AMG,28128909.0
AMGN,539067675.0
AME,229065429.0
AMH,415172766.0
AMP,92905713.0
AMT,466370068.0
AMTM,243935176.0
ABS,
ABI,
AMZN,10754251799.0
ANF,45857557.0
ANET,1259285071.0
AN,34710538.0
AON,214935266.0
APA,353400414.0
AOS,138289918.0
APC,82570224.0
APD,222656008.0
APH,1229430709.0
APO,580422574.0
AET,
APTV,251146084.0
APP,337955000.0
AR,308525000.0
ARE,173300362.0
ARES,330919384.0
AS,581822024.0
ASC,40802614.0
ASH,45762391.0
ASND,61393156.0
ATI,136936300.0
ATGE,36328547.0
ASO,66681300.0
AVB,140083474.0
AVGO,4741273799.0
ATO,165438946.0
AVY,76917031.0
AWK,195280114.0
AZO,16519000.0
BA,785844140.0
AXON,80397675.0
AXP,686614005.0
BAC,7176682170.0
BALL,266153058.0
BBBY,73818888.0
BBT,84028225.0
BBWI,204721605.0
BBY,209535104.0
BC,65112927.0
BDX,362295120.0
BEAM,101856245.0
BCO,41163012.0
BG,193509080.0
ANV,
BIIB,146758528.0
BEN,521390673.0
BK,697349125.0
BKR,991757347.0
BKNG,791833651.0
ANDV,
BIO,27002387.0
BLDR,110605069.0
BNL,199884366.0
BMY,2041735455.0
BLK,155541536.0
BR,116748715.0
BSX,1486175167.0
BRO,340420023.0
BUD,1941927102.0
BX,1222261991.0
C,1749319010.0
BXP,177056981.0
CAH,235316016.0
CAG,478437156.0
CARR,835843882.0
CBOE,104742273.0
CB,391101227.0
CAR,35324685.0
CBRE,295158555.0
CCB,15208963.0
CCI,436367346.0
CCEP,448640467.0
BFI,
CCK,113225669.0
CCL,1385139577.0
CDNS,276092068.0
CCU,185139328.0
CDW,130193661.0
BOAT,
CE,111922758.0
CEG,362294672.0
CF,153668821.0
CFG,424993893.0
CG,361171067.0
CHA,185752490.0
CHD,236875094.0
BLY,
CHRS,149889902.0
CHRW,118620834.0
CHTR,126631550.0
CI,267125817.0
CIEN,141463456.0
CA,
CINF,155686200.0
CL,802301915.0
CCE,
CLF,570396523.0
CLX,121980379.0
CAM,
CMCSA,3643894506.0
CMG,1322278000.0
CME,362808081.0
CMI,138257420.0
CMS,307996655.0
CNP,654163245.0
CNC,491772493.0
CNX,142368170.0
COF,621931593.0
COIN,269657615.0
COP,1222339153.0
COO,195114398.0
COR,194530682.0
COST,443869411.0
CHIR,
CPAY,69958057.0
COTY,880006359.0
CPB,298146488.0
CPRI,119161865.0
CPRT,968017684.0
CPT,104726511.0
CR,57743867.0
CMB,
CRH,668201113.0
CRL,49341960.0
CRWD,253614090.0
CRM,937000000.0
CMX,
CSCO,3951094563.0
CNXT,
CSR,17705899.0
CSGP,423822791.0
CTRA,759352619.0
CMVT,
CSX,1859992927.0
CTAS,400087119.0
CTVA,672524000.0
CTSH,482646474.0
COL,
CPQ,
CVNA,220445669.0
CVS,1281604403.0
CVX,1991898801.0
CZR,204107943.0
D,878964717.0
DAL,656994112.0
DASH,434426352.0
DD,418975324.0
DDOG,353851329.0
DDS,15617071.0
DE,270107282.0
DECK,145744833.0
DELL,662689606.0
DG,220226320.0
CSE,
DGX,110684580.0
DHI,291099538.0
DHR,707699419.0
DIGI,150232167.0
DLR,349804444.0
DIS,1773386947.0
CSRA,
DLTR,198853188.0
DLX,45693817.0
DOC,695256660.0
DOV,134866627.0
DOW,719619373.0
DPZ,33628897.0
DRI,115139250.0
DTE,208028117.0
DUK,778216672.0
DVA,66849000.0
CVG,
DXC,174133947.0
DVN,621455188.0
DXCM,390016272.0
EA,250253713.0
DYN,165027119.0
DDR,
EBAY,452000000.0
EC,2145330824.0
DGN,
ECL,282423768.0
ECO,39526668.0
EFX,120634597.0
EG,40390151.0
ED,368421246.0
EHC,100615978.0
EIX,384905951.0
ELV,220704667.0
EL,361727043.0
EME,44765865.0
EMN,114349911.0
EMR,562302094.0
ENPH,131783945.0
ENS,36909136.0
EOG,536491493.0
EP,35428808.0
EQIX,98623487.0
EPAM,54139969.0
EQR,392138563.0
EQT,624274000.0
ERIE,52289869.0
ES,375845345.0
ESS,69141578.0
DWD,
ETN,388400000.0
ETR,457798633.0
ETS,16716672.0
ETSY,98706009.0
ECH,
EFU,
EW,580800000.0
EVRG,230284149.0
EXC,1023175091.0
EXE,240398260.0
EXPD,133503679.0
EMC,
EXPE,122534873.0
FANG,281311730.0
FAST,1148328513.0
F,4011082261.0
EXR,220630310.0
FCN,30876071.0
FCPT,109745043.0
FDX,238606756.0
FCX,1437201606.0
FDS,37099260.0
FFIV,56811091.0
FE,578398650.0
FG,135610118.0
FHN,483188646.0
FIS,517850764.0
FISV,534777512.0
FICO,23722134.0
FITB,905563498.0
FIX,35271951.0
ESRX,
EVHC,
FLR,146564674.0
FLS,127260329.0
FMC,125045033.0
FMY,4213115.0
FNMA,1158087567.0
FMCC,650059553.0
FOSL,58355464.0
FRO,222622890.0
FOXA,425396078.0
FRT,86917420.0
FOX,466853928.0
FSLR,107450760.0
FTNT,743648102.0
FTI,400700000.0
FB,
G,169863795.0
FTV,317611636.0
GDDY,135141594.0
GD,270845862.0
GE,1054813911.0
GEHC,456290143.0
GEN,616716107.0
GEV,269529465.0
GHC,4361835.0
GILD,1241203736.0
GL,78637131.0
GIS,533681218.0
GM,932861304.0
GME,448375157.0
GNRC,58684067.0
GLW,859014837.0
GNT,16185959.0
GOOG,12097000000.0
GNW,387611048.0
GOOGL,12097000000.0
FSH,
FPC,
GPC,139122108.0
GP,5029291.0
GPN,279901328.0
GRMN,192480830.0
GDT,
GS,296752922.0
GT,286517237.0
GENZ,
GTE,35298775.0
GWW,47373024.0
H,94467765.0
HAL,837548346.0
GLD,
GLK,
HBAN,2037119660.0
HAS,140685758.0
HCA,223622200.0
HD,996027658.0
HI,70656607.0
HII,39377171.0
HIG,275863221.0
HLT,229291616.0
HOG,118141863.0
HOLX,223244905.0
GR,
HON,635675701.0
HOOD,900308390.0
GRN,
HPE,1328808444.0
HP,99439833.0
GSX,
HPQ,917984524.0
HRL,550284207.0
HRB,126759738.0
HST,696576479.0
HSY,202690953.0
HSIC,114748051.0
HUBB,53161602.0
HUM,120595967.0
HWM,400940063.0
IAC,76907965.0
ICE,567896514.0
IBKR,1700190293.0
IEX,74347825.0
HET,
IDXX,79624035.0
HAR,
IFF,255477488.0
ILMN,152900000.0
IBM,938409072.0
INCY,199014486.0
INTU,278274077.0
INGR,63054170.0
INVH,609386093.0
IP,529486211.0
IPGP,42443381.0
IQV,169700000.0
INTC,5021010228.0
IRM,297478817.0
ISRG,355169692.0
HOT,
ITT,89839824.0
ITW,288200000.0
IR,395110395.0
IT,72077145.0
J,118088312.0
IVZ,444313529.0
JBHT,95218346.0
JEF,206548730.0
JBL,105595267.0
JKHY,72377133.0
JNJ,2409898936.0
JCI,612066206.0
JPM,2697032375.0
KHC,1183744751.0
KEY,1089647432.0
KDP,1358666059.0
KBH,62600000.0
KEYS,171517761.0
KKR,926119458.0
KIM,674403212.0
KG,7741943.0
KMI,2224818888.0
KMB,331925766.0
KMX,146845043.0
KLAC,131392338.0
INFO,
KO,4304152877.0
KVUE,1919916307.0
KR,632849161.0
KSS,112214439.0
L,206052875.0
LDOS,126392685.0
LB,79589116.0
LEG,136375853.0
LH,82900000.0
LHX,186785895.0
LEN,246298296.0
JAVA,
LIFE,62869653.0
LII,34817885.0
LIN,463394156.0
LKQ,255209121.0
LLY,895018757.0
LMT,230462118.0
LNC,190090406.0
LPX,69848440.0
LNT,258276483.0
LOW,560951457.0
LRCX,1256030000.0
LULU,117311118.0
LU,948460453.0
KM,
KMG,
LUMN,1025643741.0
LUV,491317991.0
LVS,671910723.0
LW,138879884.0
LYB,322169978.0
LYV,234801922.0
M,265883109.0
MAA,119842859.0
MAC,269410574.0
MAR,264984555.0
MA,892437665.0
MAT,310800000.0
MAS,203607085.0
MBI,50933521.0
MCD,710827631.0
LDG,
MCHP,541135458.0
MCK,123426651.0
MCO,178003875.0
MD,83072104.0
MDT,1283884964.0
MDLZ,1283456590.0
MET,658891656.0
MHK,61460359.0
META,2529555464.0
MGM,273506440.0
MI,15039189.0
MKC,268843195.0
MKTX,37171509.0
MIR,251047678.0
MLM,60312046.0
MMI,38234467.0
MMM,526700000.0
MNR,168218770.0
MNST,978270735.0
MO,1671898088.0
MOB,12633371.0
MOH,52091073.0
MOS,317505258.0
MPWR,49118000.0
MRK,2472392004.0
MPC,294740165.0
MAY,
MRNA,396586862.0
MS,1587860206.0
MRSH,484124253.0
MSCI,73474043.0
MSFT,7432377656.0
MER,
MEDI,
MSI,166203611.0
MHS,
MTCH,236070190.0
MTD,20325250.0
MTB,149000252.0
MTG,216667000.0
MU,1127734051.0
NAVI,95089668.0
MUR,143348713.0
MTW,35908248.0
NC,7534589.0
NBR,14673186.0
NCLH,455545641.0
NE,159473433.0
NDSN,55783598.0
NEM,1087874212.0
NDAQ,570995433.0
NEE,2085302855.0
MOLX,
NFLX,4241889631.0
NI,478533171.0
NKE,1480887033.0
NKTR,28687963.0
NOC,142033159.0
NOV,360630925.0
NOW,1055142985.0
MST,
NRG,212376200.0
NSC,224572026.0
MWI,
NCE,
NTRS,189117369.0
NTAP,198060348.0
NUE,227774615.0
NVDA,24305000000.0
NWL,424927772.0
NVR,2793760.0
NWS,549446015.0
NGH,
NFX,
NLV,
NWSA,577624617.0
NXPI,252692845.0
NYT,161916952.0
O,932450634.0
NMK,
ODFL,209098439.0
OGN,260315650.0
OI,153284461.0
OKE,630030624.0
OMC,310336345.0
OM,18311626.0
ON,394020530.0
ORCL,2876046000.0
OTIS,389715852.0
NSM,
ORLY,838487034.0
NSI,
OXY,991695181.0
PANW,816000000.0
PAC,50527746.0
PAYX,358290881.0
PAYC,53161058.0
PBI,149503556.0
PCAR,525894443.0
PCG,2202220356.0
PD,91776805.0
PEG,499153976.0
PENN,133546273.0
OK,
PEP,1366940965.0
PET,50739100.0
PFE,5688356129.0
PGR,585906353.0
PG,2340485262.0
PFG,216835142.0
PH,126216529.0
PALM,
PKG,89213394.0
PLD,932230676.0
PHM,192141568.0
PAS,
PBY,
PLTR,2391675711.0
PNR,163235706.0
PMI,75178535.0
PNC,404313876.0
PM,1558530268.0
PDG,
PNW,121025652.0
PODD,70395849.0
PCL,
PCS,
PPG,223798650.0
POOL,36787820.0
POM,119194561.0
PPL,752165097.0
PRU,348000000.0
PRGO,137649353.0
PSA,175542279.0
PSKY,1111741109.0
PVH,48119783.0
PTC,118996116.0
PSX,400982591.0
PWR,149619428.0
PX,110015090.0
Q,209658907.0
PYPL,920664543.0
QRVO,92705679.0
QCOM,1068045102.0
PHB,
R,39427205.0
RAL,112805828.0
RF,863506691.0
REG,186921557.0
REGN,105719806.0
RCL,272712972.0
PPW,
RIG,1106750627.0
RL,60640659.0
RMD,145966294.0
RJF,197469899.0
RHI,101143596.0
ROK,112433186.0
ROL,481988844.0
ROP,102927515.0
RRC,235484929.0
PVN,
ROST,323444928.0
RSG,308956192.0
PWER,
RTX,1345974220.0
RVTY,111803327.0
RYAN,264189701.0
PZE,
PWJ,
S,340276496.0
RYI,32211943.0
SANM,54604888.0
SB,102328395.0
SBAC,106062407.0
SBUX,1139300000.0
SBNY,62974038.0
SCHW,1752210426.0
SCI,139223666.0
SE,592019934.0
SEDG,60366291.0
SEE,147373648.0
SGP,33426557.0
SEG,12796250.0
SHW,247774768.0
SIG,40684443.0
SII,25786258.0
SJM,106694327.0
RX,
SLB,1501133298.0
SLG,75909074.0
SLM,198154626.0
SMCI,600481952.0
SAF,
RYC,
SNA,52057343.0
SNPS,191562027.0
SNDK,147600972.0
SNT,23331653.0
SCG,
SO,1127304104.0
SOLS,158747545.0
SOLV,173493006.0
SDS,
SPG,380642988.0
SPGI,298800000.0
SRCL,92837400.0
SSP,91409263.0
SRE,653332556.0
SHLD,
STE,98147009.0
STI,7745683.0
STLD,144882401.0
STT,278728211.0
STX,224025377.0
STZ,174093869.0
SUN,188411952.0
SWK,155286429.0
SW,524253964.0
SWKS,150405963.0
SYK,382984253.0
SYF,360171099.0
SYY,478930649.0
T,7000577202.0
SMI,
TDC,94530411.0
TAP,188285310.0
TDG,56473563.0
TDY,46317285.0
TE,279036747.0
TECH,156453292.0
TEL,293535487.0
TEN,30127603.0
SPLS,
TEX,113463460.0
TER,156559428.0
TFC,1279246312.0
TFX,44200562.0
TGNA,161907710.0
SUB,
TGT,452855589.0
SVU,
THC,87885000.0
TKO,78922363.0
TJX,1110467095.0
TKR,69778049.0
TMC,554531368.0
TMO,371621362.0
TPL,68941554.0
TPR,204649752.0
TMUS,1118506626.0
TDM,
TRGP,214951799.0
TEG,
TEK,
TRIP,116908339.0
TRV,216237902.0
TRMB,233929408.0
TROW,218072901.0
TSCO,526351286.0
TSLA,3752431984.0
TSN,352078966.0
TT,221739004.0
TTWO,185175456.0
TX,196307678.0
TTD,475977047.0
THY,
TXN,910463377.0
TXT,174162437.0
TYL,42985341.0
UA,425890001.0
UAL,324649382.0
UAA,425890001.0
UCL,38092250.0
TLAB,
UHS,61086641.0
UBER,2058115984.0
UIS,72326365.0
UDR,376489065.0
UK,6779498.0
TOS,
UPC,563338.0
UNM,163753819.0
UNH,907675839.0
ULTA,44362173.0
UNP,593678300.0
UPS,849672897.0
URBN,89678939.0
USB,1553695800.0
USBC,388144429.0
VFC,391263343.0
V,1928039601.0
URI,62998148.0
VIAV,231389345.0
TWX,
VICI,1068988999.0
VLO,299026226.0
VLTO,247843360.0
VMC,130580384.0
VNO,207360631.0
VNT,145100000.0
VRTS,6695515.0
VRSN,92700000.0
VST,338549292.0
VRSK,137941889.0
VRTX,254359735.0
UCC,
VTR,475463173.0
VZ,4217684168.0
WBD,2506768389.0
WAT,98165491.0
VTRS,1164420909.0
WAI,2305942.0
WAB,170517190.0
WB,246567434.0
UVN,
UST,
WDAY,263000000.0
WHR,64438700.0
WEC,325699608.0
WFC,3085635642.0
WDC,341899281.0
WEN,190466246.0
WELL,697752530.0
WM,403335781.0
WOR,49546582.0
WRB,380021174.0
WSM,119016049.0
WST,72081610.0
WMB,1222856952.0
WMT,7972402501.0
WTW,94545903.0
WU,313454809.0
WYNN,104283292.0
WY,721042609.0
XOM,4156559415.0
XYL,243141406.0
XEL,624162193.0
XRAY,199749333.0
XRX,130776253.0
VO,
XYZ,607665000.0
YUM,276430130.0
ZBH,195652005.0
ZBRA,49191705.0
ZION,147888829.0
ZTS,422127709.0
WMX,
